Dateadded,Malware,Host,IP address,Level,Status,Files Online,SBL,Country,AS number,Uptime
2015-09-15,Citadel,z0bu.dynu.com,173.193.174.66,4,online,2,SBL269512,-,AS36351,03:35:06
2015-09-13,VMZeuS,wayufilm.com,,2,offline,2,Not listed,-, ,48:33:05
2015-09-13,ZeuS,cd31411.tmweb.ru,92.53.96.71,3,online,0,SBL269260,-,AS9123,49:06:48
2015-09-13,VMZeuS,techjoe.cricket,,4,offline,0,Not listed,-, ,10:19:40
2015-09-13,VMZeuS,domifondery.com,FastFlux Botnet,5,online,1,Not listed,-, ,50:45:36
2015-09-12,Citadel,aneesas.co.za,196.41.123.20,2,online,0,Not listed,-,AS36874,73:20:13
2015-09-12,VMZeuS,borsetelkotob.com,166.62.38.195,2,online,0,Not listed,-,AS26496,73:21:38
2015-09-12,VMZeuS,patdappaandassociates.com,,2,offline,0,Not listed,-, ,25:21:38
2015-09-12,VMZeuS,run4.co.za,196.41.123.124,2,online,0,Not listed,-,AS36874,73:34:43
2015-09-11,VMZeuS,antgul.com,31.169.83.221,2,online,2,SBL269143,-,AS56582,838:59:59
2015-09-11,VMZeuS,tpintershipping.com,61.19.251.159,2,online,0,Not listed,-,AS9931,97:59:10
2015-09-10,Citadel,www.templiers-templars.li,91.223.253.15,2,online,0,Not listed,-,AS34235,124:03:01
2015-09-10,Citadel,180.222.95.210,180.222.95.210,4,unknown,2,SBL268913,-,AS9597,-
2015-09-09,VMZeuS,www.101dpm.com,203.172.183.110,2,online,0,SBL268803,-,AS23974,143:28:21
2015-09-09,Citadel,www.annamarieboudewijns.nl,141.138.168.149,2,online,1,SBL268802,-,AS51696,143:31:11
2015-09-09,VMZeuS,www.bestpris.no,,2,offline,0,Not listed,-, ,48:04:35
2015-09-09,KINS,tlauren.com,185.24.98.196,4,online,0,SBL269471,-,AS198047,145:10:46
2015-09-09,Citadel,adf.com.cy,95.213.172.30,2,online,0,Not listed,-,AS49505,146:49:05
2015-09-07,VMZeuS,thaitp47.com,122.155.3.150,2,online,0,SBL268918,-,AS9931,192:14:26
2015-09-07,Citadel,www.foxload.in.net,,4,offline,0,Not listed,-, ,838:59:59
2015-09-07,VMZeuS,209.164.84.71,209.164.84.71,4,unknown,0,Not listed,-,AS54489,-
2015-09-07,VMZeuS,highadmin.tk,,4,offline,0,Not listed,-, ,146:49:08
2015-09-07,VMZeuS,190.14.38.153,190.14.38.153,4,unknown,0,Not listed,-,AS52469,-
2015-09-05,Citadel,trfordsworking.in,,2,offline,0,Not listed,-, ,194:37:49
2015-09-05,VMZeuS,aefalcon.com,192.186.223.136,2,online,0,Not listed,-,AS26496,242:34:04
2015-09-05,VMZeuS,calentadoressolaresacambaro.com,95.211.75.240,2,online,0,Not listed,-,AS60781,242:41:18
2015-09-04,VMZeuS,updateacces.org,174.127.99.132,4,online,0,SBL269545,-,AS36351,261:54:26
2015-09-04,VMZeuS,lydiasimoncreative.com,198.252.67.86,2,online,0,SBL268326,-,AS36351,264:52:40
2015-09-04,VMZeuS,nonesuppgookkoler.su,,4,offline,0,Not listed,-, ,26:32:03
2015-09-04,VMZeuS,mpc1.in,,4,offline,0,Not listed,-, ,838:59:59
2015-09-04,VMZeuS,www.toddlytots.com,92.48.115.57,2,online,0,Not listed,-,AS29550,267:01:47
2015-09-03,VMZeuS,libyanembassy-sweden.com,31.169.73.79,2,online,0,Not listed,-,AS56582,293:05:07
2015-09-03,VMZeuS,kidstrustorphanage.com,54.72.130.67,2,online,0,Not listed,-,AS16509,293:06:14
2015-09-01,VMZeuS,66.221.13.60,66.221.13.60,4,unknown,0,Not listed,-,AS54489,-
2015-08-31,VMZeuS,dudylanches.com.br,189.113.4.251,2,online,0,Not listed,-,AS28209,364:08:39
2015-08-31,VMZeuS,tribocom.com,189.113.2.210,2,online,0,Not listed,-,AS28209,364:13:27
2015-08-31,VMZeuS,benchblog.com,216.194.169.100,2,online,1,SBL267719,-,AS22611,364:30:36
2015-08-31,VMZeuS,www.dphcustompins.com,23.229.238.21,2,online,0,Not listed,-,AS26496,364:49:44
2015-08-30,VMZeuS,64.182.215.71,64.182.215.71,4,unknown,0,Not listed,-,AS54489,-
2015-08-30,Citadel,188.95.54.102,188.95.54.102,4,unknown,0,Not listed,-,AS57172,-
2015-08-30,VMZeuS,hatefitch.org,FastFlux Botnet,5,online,1,Not listed,-, ,388:02:38
2015-08-30,VMZeuS,bin1.kns1.al,,4,online,0,Not listed,-, ,388:21:55
2015-08-29,VMZeuS,190.14.37.213,190.14.37.213,4,unknown,0,Not listed,-,AS52469,-
2015-08-28,VMZeuS,www.pthco.ir,185.2.12.120,2,online,0,Not listed,-,AS57497,428:37:24
2015-08-28,VMZeuS,frank1.ddf.al,,4,online,0,Not listed,-, ,428:39:46
2015-08-28,ZeuS,securetestingnetwotk.com,,4,offline,0,Not listed,-, ,189:20:59
2015-08-28,VMZeuS,stichtingmain.nl,85.92.144.51,2,online,0,Not listed,-,AS25525,431:29:15
2015-08-28,VMZeuS,64.182.6.64,64.182.6.64,4,unknown,0,Not listed,-,AS54489,-
2015-08-28,VMZeuS,dino1.ddf.al,,4,online,0,Not listed,-, ,435:14:38
2015-08-24,VMZeuS,techakym.pw,,4,offline,0,Not listed,-, ,24:42:47
2015-08-24,Citadel,141.105.71.55,141.105.71.55,4,unknown,0,Not listed,-,AS49335,-
2015-08-23,VMZeuS,63.249.147.74,63.249.147.74,4,unknown,0,Not listed,-,AS54489,-
2015-08-23,ZeuS,trust1.co.za,196.41.123.193,2,online,0,Not listed,-,AS36874,554:49:56
2015-08-22,Citadel,46.183.221.240,46.183.221.240,4,unknown,0,SBL266682,-,AS52048,-
2015-08-22,Citadel,141.105.71.41,141.105.71.41,4,unknown,0,Not listed,-,AS49335,-
2015-08-22,Citadel,185.70.185.113,185.70.185.113,4,unknown,0,Not listed,-,AS57043,-
2015-08-22,VMZeuS,banihasyim.com,5.189.158.139,2,online,0,SBLCSS,-,AS51167,577:14:09
2015-08-22,VMZeuS,webescuela.de,,2,offline,0,Not listed,-, ,23:12:36
2015-08-21,VMZeuS,justkoko.com,,2,offline,0,Not listed,-, ,452:02:21
2015-08-21,VMZeuS,www.marketurko.com,,2,offline,0,Not listed,-, ,290:48:37
2015-08-21,Citadel,141.105.71.92,141.105.71.92,4,unknown,0,Not listed,-,AS49335,-
2015-08-21,KINS,185.20.227.70,185.20.227.70,4,unknown,0,Not listed,-,AS197695,-
2015-08-20,KINS,63.249.143.70,63.249.143.70,4,unknown,0,Not listed,-,AS54489,-
2015-08-20,ZeuS,94.102.53.138,94.102.53.138,4,unknown,0,Not listed,-,AS29073,-
2015-08-19,KINS,66.221.17.61,66.221.17.61,4,unknown,0,Not listed,-,AS54489,-
2015-08-19,ZeuS,sawsa.co.za,154.0.168.65,2,online,0,Not listed,-,AS16637,644:53:19
2015-08-19,KINS,104.237.194.158,104.237.194.158,4,unknown,0,Not listed,-,AS20278,-
2015-08-19,Citadel,buroodin.com,95.213.172.18,2,online,0,Not listed,-,AS49505,652:34:27
2015-08-18,KINS,modstil.com.tr,217.195.198.18,2,online,0,Not listed,-,AS42910,674:51:25
2015-08-17,KINS,www.alanmcginnis.com,143.95.42.47,2,online,0,Not listed,-,AS30496,696:22:22
2015-08-16,Citadel,hukukiyardimburosu.org,5.250.245.86,2,online,0,Not listed,-,AS42910,722:50:05
2015-08-15,KINS,outletscolombia.com.co,160.153.61.64,2,online,0,Not listed,-,AS26496,747:28:51
2015-08-14,KINS,radiodirectoalcorazon.com,95.211.75.240,2,online,0,Not listed,-,AS60781,765:46:18
2015-08-14,KINS,tech-dan.xyz,,4,offline,0,Not listed,-, ,15:58:41
2015-08-13,KINS,64.182.12.64,64.182.12.64,4,unknown,0,Not listed,-,AS54489,-
2015-08-13,KINS,64.182.215.73,64.182.215.73,4,unknown,0,Not listed,-,AS54489,-
2015-08-13,KINS,93.170.123.151,93.170.123.151,4,unknown,0,SBL265547,-,AS29182,-
2015-08-13,Citadel,104.237.194.102,104.237.194.102,4,unknown,0,Not listed,-,AS20278,-
2015-08-12,KINS,64.182.20.64,64.182.20.64,4,unknown,0,Not listed,-,AS54489,-
2015-08-11,KINS,mypic.hopto.org,104.143.21.123,4,online,0,Not listed,-,AS54334,838:58:40
2015-08-11,KINS,63.249.133.74,63.249.133.74,4,unknown,0,Not listed,-,AS54489,-
2015-08-11,KINS,64.182.17.64,64.182.17.64,4,unknown,0,Not listed,-,AS54489,-
2015-08-11,KINS,64.182.1.64,64.182.1.64,4,unknown,0,Not listed,-,AS54489,-
2015-08-11,KINS,63.249.146.74,63.249.146.74,4,unknown,0,Not listed,-,AS54489,-
2015-08-11,KINS,64.182.0.64,64.182.0.64,4,unknown,0,Not listed,-,AS54489,-
2015-08-11,KINS,sluhmed.ru,46.254.22.31,2,online,0,Not listed,-,AS48172,838:59:59
2015-08-11,KINS,63.249.138.74,63.249.138.74,4,unknown,0,Not listed,-,AS54489,-
2015-08-11,KINS,lgbhsociety.org,192.186.243.4,2,online,0,Not listed,-,AS26496,838:59:59
2015-08-11,KINS,64.182.215.70,64.182.215.70,4,unknown,0,Not listed,-,AS54489,-
2015-08-10,KINS,63.249.148.74,63.249.148.74,4,unknown,0,Not listed,-,AS54489,-
2015-08-10,KINS,cooldomainname.ws,64.70.19.202,4,online,0,Not listed,-,AS3561,838:59:59
2015-08-10,KINS,6pjddrtt7.com,207.210.229.69,4,online,2,SBL266551,-,AS36024,838:59:59
2015-08-10,KINS,64.182.10.64,64.182.10.64,4,unknown,0,Not listed,-,AS54489,-
2015-08-10,KINS,eresimgbo.com,,4,offline,0,Not listed,-, ,277:28:39
2015-08-10,KINS,64.182.16.64,64.182.16.64,4,unknown,0,Not listed,-,AS54489,-
2015-08-10,KINS,rhal55.com,176.9.237.86,2,online,0,Not listed,-,AS24940,838:59:59
2015-08-10,KINS,mucholove.cl,190.196.128.195,2,online,0,Not listed,-,AS14259,838:59:59
2015-08-10,KINS,63.249.131.74,63.249.131.74,4,unknown,0,Not listed,-,AS54489,-
2015-08-06,ZeuS,fx35.pp.ru,,3,offline,0,Not listed,-, ,723:36:22
2015-08-05,ZeuS,63.249.143.74,63.249.143.74,4,unknown,0,Not listed,-,AS54489,-
2015-08-05,Citadel,www.changeexchange.ru,195.242.161.117,1,online,2,Not listed,-,AS47434,838:59:59
2015-08-05,KINS,mcmusinagem.com.br,186.202.127.215,2,online,0,Not listed,-,AS27715,838:59:59
2015-08-04,KINS,selectpack.nl,95.211.20.11,2,online,0,Not listed,-,AS60781,838:59:59
2015-08-04,KINS,185.39.150.128,185.39.150.128,4,unknown,0,SBL264437,-,AS199959,-
2015-08-04,KINS,atargs.com.br,186.202.127.86,2,online,0,Not listed,-,AS27715,838:59:59
2015-08-03,KINS,94.102.51.155,94.102.51.155,4,unknown,0,Not listed,-,AS29073,-
2015-08-02,KINS,chezhiyasweheropasl.su,,4,offline,0,Not listed,-, ,00:00:00
2015-08-02,KINS,lasnetlk.co.uk,,4,offline,0,Not listed,-, ,239:23:19
2015-07-31,KINS,vassabgg.pw,,4,offline,0,Not listed,-, ,02:00:43
2015-07-29,KINS,childrentrainingcentre.com,,2,offline,0,Not listed,-, ,24:45:15
2015-07-28,KINS,stabil.co.th,,2,offline,0,Not listed,-, ,838:59:59
2015-07-27,KINS,arvision.com.co,87.98.146.77,2,online,0,Not listed,-,AS16276,838:59:59
2015-07-26,Citadel,wordsbyjo.com,184.170.149.34,2,online,0,Not listed,-,AS11051,838:59:59
2015-07-26,KINS,63.249.142.74,63.249.142.74,4,unknown,0,Not listed,-,AS54489,-
2015-07-24,KINS,techmaha.pw,,4,offline,0,Not listed,-, ,56:10:44
2015-07-24,KINS,64.182.13.64,64.182.13.64,4,unknown,0,Not listed,-,AS54489,-
2015-07-24,KINS,www.rea.co.ke,194.201.253.2,2,online,0,SBL262976,-,AS25568,838:59:59
2015-07-24,ZeuS,153.92.126.100,153.92.126.100,4,unknown,0,Not listed,-,AS42708,-
2015-07-24,KINS,trendz365.com,216.194.173.124,2,online,0,Not listed,-,AS22611,838:59:59
2015-07-23,KINS,www.mellovesjustin.com,,2,offline,0,Not listed,-, ,791:06:01
2015-07-23,ZeuS,worldof.travel,184.170.149.45,2,online,0,Not listed,-,AS11051,838:59:59
2015-07-23,KINS,bwatcher.com,,2,offline,0,Not listed,-, ,838:59:59
2015-07-22,KINS,firstmethodistslc.org,23.229.160.3,2,online,0,Not listed,-,AS26496,838:59:59
2015-07-22,KINS,63.249.141.74,63.249.141.74,4,unknown,0,Not listed,-,AS54489,-
2015-07-22,KINS,newversionpdun.in.net,,4,offline,0,Not listed,-, ,03:19:41
2015-07-22,KINS,reinofm.org,95.211.75.240,2,online,0,Not listed,-,AS60781,838:59:59
2015-07-21,KINS,houseofsnobs.com,195.211.59.208,2,online,0,Not listed,-,AS35579,838:59:59
2015-07-17,KINS,185.5.249.30,185.5.249.30,4,unknown,0,SBL262242,-,AS48666,-
2015-07-17,KINS,motrev.se,81.93.152.121,2,online,0,Not listed,-,AS29468,838:59:59
2015-07-16,KINS,almazdental.ru,,2,offline,0,Not listed,-, ,567:40:11
2015-07-16,ZeuS,capitallfundsinvestment.com,5.1.82.41,2,online,0,Not listed,-,AS34549,838:59:59
2015-07-16,ZeuS,31.220.15.147,31.220.15.147,4,unknown,0,Not listed,-,AS42708,-
2015-07-15,ZeuS,blazerworld.net,,2,offline,0,Not listed,-, ,45:22:50
2015-07-15,KINS,nederveencosmetics.nl,195.211.59.218,2,online,0,Not listed,-,AS35579,838:59:59
2015-07-14,Citadel,genmjob3.ru,194.28.133.37,1,online,0,Not listed,-,AS47434,838:59:59
2015-07-14,KINS,davewalshphoto.com,78.153.217.216,2,online,0,Not listed,-,AS39122,838:59:59
2015-07-14,KINS,185.106.120.171,185.106.120.171,4,unknown,0,Not listed,-,AS60117,-
2015-07-14,KINS,92.222.169.212,92.222.169.212,4,unknown,0,Not listed,-,AS16276,-
2015-07-14,KINS,198.50.148.77,198.50.148.77,4,unknown,0,Not listed,-,AS16276,-
2015-07-14,Citadel,gappconsultores.com,95.211.75.240,2,online,0,Not listed,-,AS60781,838:59:59
2015-07-14,Citadel,mygoodness.in.ua,,4,offline,0,Not listed,-, ,59:25:43
2015-07-13,KINS,185.106.120.139,185.106.120.139,4,unknown,0,Not listed,-,AS60117,-
2015-07-13,Citadel,gjiayimeiya.com,67.23.226.129,4,online,0,Not listed,-,AS33182,838:59:59
2015-07-13,KINS,ieahg.edu.co,,2,offline,0,Not listed,-, ,838:59:59
2015-07-13,KINS,libraries.jeraitt.com,,2,offline,0,Not listed,-, ,11:44:59
2015-07-11,Citadel,ideasengrupo.mx,63.142.248.167,2,online,0,Not listed,-,AS54540,838:59:59
2015-07-11,KINS,www.rayesboiler.com,68.178.254.203,2,online,0,Not listed,-,AS26496,838:59:59
2015-07-11,KINS,sampleproduct.info,,4,offline,0,Not listed,-, ,688:56:34
2015-07-10,KINS,aamlng.com,198.57.165.44,2,online,0,Not listed,-,AS46606,838:59:59
2015-07-09,Citadel,brosa.co.za,196.41.123.66,2,online,0,Not listed,-,AS36874,838:59:59
2015-07-09,KINS,c2si.com.ar,69.162.83.35,2,online,0,Not listed,-,AS46475,838:59:59
2015-07-09,KINS,alwifaq.ly,174.123.170.178,2,online,0,Not listed,-,AS21844,838:59:59
2015-07-09,KINS,ecobags.co.za,196.41.123.66,2,online,0,Not listed,-,AS36874,838:59:59
2015-07-08,Citadel,lucoilosa2.ru,,4,offline,0,Not listed,-, ,16:54:55
2015-07-08,Citadel,lucoilosa.ru,194.28.133.37,1,online,0,Not listed,-,AS47434,838:59:59
2015-07-07,KINS,labfama.com.br,67.225.196.200,2,online,0,Not listed,-,AS32244,838:59:59
2015-07-07,KINS,www.hirender.com,50.62.82.236,2,online,0,Not listed,-,AS26496,838:59:59
2015-07-07,ZeuS,emaillifecoaching.com.au,101.0.89.3,4,online,2,SBL261278,-,AS55803,838:59:59
2015-07-07,KINS,finsolutions.top,217.174.148.86,4,online,0,Not listed,-,AS13147,838:59:59
2015-07-07,KINS,urchilaa.com,107.190.142.218,4,online,0,Not listed,-,AS33182,838:59:59
2015-07-06,Citadel,langies65.org.za,196.41.123.193,2,online,0,Not listed,-,AS36874,838:59:59
2015-07-06,KINS,mymytonnymaxltd.org,172.245.4.38,4,online,0,Not listed,-,AS36352,838:59:59
2015-07-06,KINS,taejus.com,192.186.221.32,2,online,0,Not listed,-,AS26496,838:59:59
2015-07-06,KINS,lamarconsultancy.com,50.63.202.50,2,online,0,Not listed,-,AS26496,838:59:59
2015-07-06,KINS,cosmosdady.su,,4,offline,0,Not listed,-, ,21:47:00
2015-07-06,ZeuS,31.220.43.72,31.220.43.72,4,unknown,0,Not listed,-,AS42708,-
2015-07-06,KINS,buycialis-onlinee.com,,4,offline,0,Not listed,-, ,54:02:50
2015-07-06,KINS,www.outletscolombia.com.co,160.153.61.64,2,online,0,Not listed,-,AS26496,838:59:59
2015-07-06,KINS,chileindependiente.cl,190.54.62.73,2,online,0,Not listed,-,AS6429,838:59:59
2015-07-06,KINS,tristartv.co.za,196.41.123.237,2,online,0,SBL265970,-,AS36874,838:59:59
2015-07-02,ZeuS,hydrive.axfree.com,,4,offline,0,Not listed,-, ,94:52:06
2015-06-30,Citadel,adwords-shoping.ru,,4,offline,0,Not listed,-, ,549:15:13
2015-06-29,Citadel,jomo.in.ua,91.203.144.4,4,online,0,Not listed,-,AS45045,838:59:59
2015-06-29,KINS,emailsclient.com,,4,offline,0,Not listed,-, ,838:59:59
2015-06-28,ZeuS,pharmaspan.com,109.199.98.63,2,online,0,SBL260553,-,AS32475,838:59:59
2015-06-27,KINS,bonror.com,196.41.123.237,2,online,0,SBL265970,-,AS36874,838:59:59
2015-06-27,KINS,vz81757.eurodir.ru,,4,offline,0,Not listed,-, ,838:59:59
2015-06-25,Citadel,somethinfresh.ru,,1,offline,0,Not listed,-, ,359:20:04
2015-06-24,KINS,alchemistrywork.com,209.200.232.14,2,online,0,SBL265949,-,AS15244,838:59:59
2015-06-22,KINS,hoteltqm.com,162.144.64.97,2,online,2,SBL269500,-,AS46606,838:59:59
2015-06-21,KINS,www.festiyadeneryn.ru,,4,offline,0,Not listed,-, ,28:41:04
2015-06-20,KINS,jpgewe.org,194.201.253.5,2,online,0,SBL261184,-,AS25568,838:59:59
2015-06-18,Citadel,motoresin.com,131.72.137.174,2,online,0,SBL268236,-,AS60117,838:59:59
2015-06-18,KINS,juyteche.tk,,4,offline,0,Not listed,-, ,838:59:59
2015-06-18,KINS,auxsystem.ru,,4,offline,0,Not listed,-, ,00:53:47
2015-06-17,KINS,bright.su,,4,offline,0,Not listed,-, ,783:11:17
2015-06-17,KINS,bitters.su,,4,offline,0,Not listed,-, ,206:29:43
2015-06-17,Citadel,belorus.tk,,4,offline,0,Not listed,-, ,555:55:31
2015-06-08,ZeuS,www.warpservice.ro,46.102.249.184,2,online,0,SBL258864,-,AS35818,838:59:59
2015-06-08,ZeuS,nnagazin.ru,,4,offline,0,Not listed,-, ,03:15:04
2015-06-07,KINS,techmag.space,,4,offline,0,Not listed,-, ,22:02:34
2015-06-07,ZeuS,catsmith.co.uk,83.223.104.6,2,online,0,SBL258776,-,AS29017,838:59:59
2015-06-03,KINS,depolakoeasre.pw,,4,offline,0,Not listed,-, ,25:33:04
2015-06-03,KINS,bolerakopsoa.pw,,4,offline,0,Not listed,-, ,25:33:25
2015-06-03,ZeuS,210.4.76.221,210.4.76.221,4,unknown,0,SBL258446,-,AS24122,-
2015-06-02,ZeuS,systemscfg.olympe.in,FastFlux Botnet,5,online,0,Not listed,-, ,838:59:59
2015-05-31,ZeuS,188.241.140.224,188.241.140.224,4,unknown,0,SBL258148,-, ,-
2015-05-30,ZeuS,193.189.117.56,193.189.117.56,4,unknown,0,SBL258334,-,AS197226,-
2015-05-23,KINS,ahmedashid.com,,4,offline,0,Not listed,-, ,69:49:01
2015-05-19,KINS,esiatradinginc.biz,,4,offline,0,Not listed,-, ,838:59:59
2015-05-18,KINS,xclones.in.net,,4,offline,0,Not listed,-, ,09:58:44
2015-05-17,KINS,techemeka.work,,4,offline,0,Not listed,-, ,03:12:48
2015-05-17,Citadel,webhostingmanagment3.ru,,4,offline,0,Not listed,-, ,57:33:53
2015-05-16,Citadel,87.247.179.190,87.247.179.190,4,unknown,0,SBL241098,-,AS30902,-
2015-05-16,ZeuS,188.241.140.222,188.241.140.222,4,unknown,0,SBL256957,-, ,-
2015-05-15,Citadel,ablackjob.ru,,4,offline,0,Not listed,-, ,105:09:19
2015-05-14,Citadel,genmjob.ru,,4,offline,0,Not listed,-, ,123:18:04
2015-05-14,ZeuS,188.241.140.212,188.241.140.212,4,unknown,0,SBL255329,-, ,-
2015-05-13,Citadel,buseneujob2.ru,,4,offline,0,Not listed,-, ,148:16:37
2015-05-13,Citadel,webhostingmanagment.ru,,4,offline,0,Not listed,-, ,21:58:23
2015-05-09,KINS,richus.ru,185.20.227.69,4,online,0,Not listed,-,AS197695,838:59:59
2015-05-09,Citadel,krestenbv.nl,,4,offline,0,Not listed,-, ,573:15:48
2015-05-09,ZeuS,103.19.89.118,103.19.89.118,4,unknown,0,SBL255896,-,AS132717,-
2015-05-09,ZeuS,193.146.210.69,193.146.210.69,4,unknown,0,SBL255898,-,AS766,-
2015-05-08,ZeuS,157.7.170.62,157.7.170.62,4,unknown,0,SBL255806,-,AS7506,-
2015-05-06,KINS,aljazeera.kz,,4,offline,0,Not listed,-, ,183:53:47
2015-05-01,KINS,turkeyhotelnoslafas.su,,4,offline,0,Not listed,-, ,88:24:01
2015-05-01,KINS,jump1ng.net,,4,offline,0,Not listed,-, ,88:57:29
2015-04-30,Citadel,emekonline.tk,195.20.43.189,4,online,0,Not listed,-,AS31624,838:59:59
2015-04-29,Citadel,zetes.vdsinside.com,,4,offline,0,Not listed,-, ,838:59:59
2015-04-29,ZeuS,202.144.144.195,202.144.144.195,4,unknown,0,SBL254880,-,AS17660,-
2015-04-29,ZeuS,83.212.117.233,83.212.117.233,4,unknown,0,SBL254879,-,AS5408,-
2015-04-25,KINS,livinglounges.su,,4,offline,0,Not listed,-, ,209:32:03
2015-04-24,Citadel,www.riverwalktrader.co.za,197.189.252.226,4,online,0,Not listed,-,AS37153,838:59:59
2015-04-24,ZeuS,bytes.darktech.org,,4,offline,0,Not listed,-, ,52:17:56
2015-04-20,KINS,extremesports.kz,,4,offline,0,Not listed,-, ,14:31:14
2015-04-17,KINS,rich11ds2015sqr.ru,,4,offline,0,Not listed,-, ,10:28:52
2015-04-17,ZeuS,coldcreekauction.com,76.163.114.169,2,online,0,SBL253816,-,AS32392,838:59:59
2015-04-16,ZeuS,124.110.195.160,124.110.195.160,4,unknown,0,SBL253778,-,AS2519,-
2015-04-16,KINS,tennomewerto.ru,,4,offline,0,Not listed,-, ,23:31:33
2015-04-13,ZeuS,codedtunes.zapto.org,178.216.52.178,4,online,2,SBL253899,-,AS57858,838:59:59
2015-04-12,ZeuS,fx45.pp.ru,,4,offline,0,Not listed,-, ,65:20:52
2015-04-12,KINS,regame.su,194.58.92.172,4,online,0,Not listed,-,AS39134,838:59:59
2015-04-09,KINS,angryshippflyforok.su,,4,offline,0,Not listed,-, ,02:52:54
2015-04-09,ZeuS,177.4.23.159,177.4.23.159,4,unknown,1,SBL252974,-,AS8167,-
2015-04-09,ZeuS,213.183.56.186,213.183.56.186,4,unknown,0,SBL253239,-,AS39792,-
2015-04-08,Citadel,transpert-online.ru,,4,offline,0,Not listed,-, ,02:03:45
2015-04-08,KINS,0if1nl6.org,,4,offline,0,Not listed,-, ,00:40:17
2015-04-06,Citadel,2015letsdoit.in,,4,offline,0,Not listed,-, ,04:22:31
2015-04-05,Citadel,ns513726.ip-192-99-148.net,192.99.148.26,4,online,0,Not listed,-,AS16276,838:59:59
2015-04-04,ZeuS,buja.org.il,5.100.250.103,2,online,0,SBL253944,-,AS12400,838:59:59
2015-04-04,ZeuS,nanoageco.ir,87.247.179.190,2,online,0,SBL241098,-,AS30902,838:59:59
2015-04-03,KINS,mashroomskro.eu,,4,offline,0,Not listed,-, ,01:25:26
2015-03-29,Citadel,teeth.co.jp,115.146.59.207,2,online,0,SBL251755,-,AS9597,838:59:59
2015-03-28,ZeuS,zabava-bel.ru,109.237.111.221,1,online,0,SBL267525,-,AS57494,838:59:59
2015-03-25,ZeuS,nancycemt1225.ddns.net,,4,offline,0,Not listed,-, ,08:56:51
2015-03-25,ZeuS,60.241.184.209,60.241.184.209,4,unknown,0,SBL251199,-,AS7545,-
2015-03-24,KINS,nonstopeddanceraz.su,,4,offline,0,Not listed,-, ,01:09:05
2015-03-24,KINS,bibrath.eu,,4,offline,0,Not listed,-, ,47:59:45
2015-03-24,ZeuS,91.236.75.11,91.236.75.11,4,unknown,0,SBL176147,-,AS198540,-
2015-03-22,ZeuS,techdatti.ru,,4,offline,0,Not listed,-, ,17:19:22
2015-03-21,ZeuS,vuanongsan.vn,112.78.2.241,2,online,0,SBL250796,-,AS45538,838:59:59
2015-03-21,ZeuS,nitromethane.ru,81.177.141.162,2,online,0,SBL250794,-,AS8342,838:59:59
2015-03-21,ZeuS,farm-fast.ru,FastFlux Botnet,5,online,0,Not listed,-, ,838:59:59
2015-03-17,ZeuS,jacoblanderville.myjino.ru,,3,offline,0,Not listed,-, ,838:59:59
2015-03-16,KINS,195.238.181.21,195.238.181.21,4,unknown,0,SBL250157,-, ,-
2015-03-16,ZeuS,113.29.230.24,113.29.230.24,4,unknown,0,SBL250126,-,AS38001,-
2015-03-15,KINS,195.238.181.30,195.238.181.30,4,unknown,0,SBL250057,-, ,-
2015-03-14,ZeuS,finalcrashtest.co.nz,,4,offline,0,Not listed,-, ,44:20:03
2015-03-14,ZeuS,lifestyles3d.ru,,4,offline,0,Not listed,-, ,44:16:42
2015-03-11,Citadel,netcafeii.in,,4,offline,0,Not listed,-, ,838:59:59
2015-03-09,KINS,pedropedreiromoxik.su,,4,offline,0,Not listed,-, ,44:54:55
2015-03-08,KINS,wvin.su,,4,offline,0,Not listed,-, ,72:15:38
2015-03-06,ZeuS,0x.x.gg,144.76.162.245,4,online,0,Not listed,-,AS24940,838:59:59
2015-03-06,ZeuS,lebedev30.ru,,4,offline,0,Not listed,-, ,838:59:59
2015-03-06,ZeuS,poolkingsthailand.com,,4,offline,0,Not listed,-, ,838:59:59
2015-03-05,KINS,upperlowstream.ru,,4,offline,0,Not listed,-, ,25:38:00
2015-03-05,KINS,smartfoodsglutenfree.kz,,4,offline,0,Not listed,-, ,495:48:57
2015-03-04,KINS,bowercloud.ru,,4,offline,0,Not listed,-, ,13:35:52
2015-03-04,KINS,eliteblocksy.ru,,4,offline,0,Not listed,-, ,15:22:21
2015-03-02,Citadel,unique-chemical.com,,4,offline,0,Not listed,-, ,838:59:59
2015-03-02,ZeuS,www.teleeye.com.ph,96.31.35.51,2,online,0,SBL248699,-,AS14415,838:59:59
2015-03-01,KINS,arrinmortoes.ru,,4,offline,0,Not listed,-, ,37:05:07
2015-02-23,KINS,195.238.181.20,195.238.181.20,4,unknown,0,SBL248151,-, ,-
2015-02-23,KINS,newtreechess.ru,,4,offline,0,Not listed,-, ,24:06:32
2015-02-21,ZeuS,platinet-pl.com,,4,offline,0,Not listed,-, ,250:51:20
2015-02-21,KINS,ashoesheestono.eu,,4,offline,0,Not listed,-, ,97:05:24
2015-02-20,KINS,highhedhicom.ru,,4,offline,0,Not listed,-, ,26:23:39
2015-02-19,ZeuS,kadastr89.ru,193.36.35.110,2,online,0,SBL247883,-,AS48933,838:59:59
2015-02-19,ZeuS,u0003321.cp.regruhosting.ru,37.140.192.169,3,online,0,Not listed,-,AS39134,838:59:59
2015-02-17,KINS,beatyhousesupporte.su,,4,offline,0,Not listed,-, ,17:42:13
2015-02-17,ZeuS,www.me404.net,,4,offline,0,Not listed,-, ,838:59:59
2015-02-16,Citadel,powerturk.rocks,,4,offline,0,Not listed,-, ,541:53:38
2015-02-16,KINS,upfinanceshield.ru,,4,offline,0,Not listed,-, ,24:09:45
2015-02-15,ZeuS,brothersmt2.tk,,4,offline,0,Not listed,-, ,838:59:59
2015-02-14,ZeuS,tronuprising.heliohost.org,216.218.192.170,3,online,0,Not listed,-,AS6939,838:59:59
2015-02-10,KINS,suferoomsky.ru,,4,offline,0,Not listed,-, ,24:04:58
2015-02-09,ZeuS,love2waits.com,,4,offline,0,Not listed,-, ,273:47:25
2015-02-07,ZeuS,back1337.info,,4,offline,0,Not listed,-, ,152:43:12
2015-02-06,Citadel,www.intl-anniv.org,157.7.129.111,2,online,0,SBL246900,-,AS7506,838:59:59
2015-02-06,KINS,growuptrades.ru,,4,offline,0,Not listed,-, ,175:48:16
2015-02-05,ZeuS,bmw.et.ntust.edu.tw,140.118.122.129,2,online,0,SBL246807,-,AS1659,838:59:59
2015-02-05,ZeuS,fenimur.ru,,4,offline,0,Not listed,-, ,07:52:46
2015-02-05,Citadel,geopryce.ru,,4,offline,0,Not listed,-, ,838:59:59
2015-02-02,Citadel,shadowraze.pw,,4,offline,0,Not listed,-, ,59:39:57
2015-02-02,KINS,domefocrisis.ru,,4,offline,0,Not listed,-, ,264:57:50
2015-02-02,Citadel,hui-ain-apparel.tk,195.20.42.1,4,online,0,Not listed,-,AS31624,838:59:59
2015-02-01,ZeuS,islenpiding.hotmail.ru,FastFlux Botnet,5,online,0,Not listed,-, ,838:59:59
2015-02-01,ZeuS,natlalirans.hotmail.ru,FastFlux Botnet,5,online,0,Not listed,-, ,838:59:59
2015-02-01,ZeuS,dileconme.hotmail.ru,FastFlux Botnet,5,online,0,Not listed,-, ,838:59:59
2015-02-01,ZeuS,pharirgatic.hotmail.ru,FastFlux Botnet,5,online,0,Not listed,-, ,838:59:59
2015-02-01,ZeuS,imamnhearte.hotmail.ru,FastFlux Botnet,5,online,0,Not listed,-, ,838:59:59
2015-02-01,ZeuS,naaninggeschcho.hotmail.ru,FastFlux Botnet,5,online,0,Not listed,-, ,838:59:59
2015-02-01,ZeuS,rarabarnfi.hotmail.ru,FastFlux Botnet,5,online,0,Not listed,-, ,838:59:59
2015-02-01,ZeuS,gyodundena.hotmail.ru,FastFlux Botnet,5,online,0,Not listed,-, ,838:59:59
2015-01-31,ZeuS,micheal766.info,,4,offline,0,Not listed,-, ,838:59:59
2015-01-31,Citadel,speroni.pw,,4,offline,0,Not listed,-, ,318:29:03
2015-01-30,KINS,195.238.181.16,195.238.181.16,4,unknown,0,SBL246278,-, ,-
2015-01-28,ZeuS,202.67.13.107,202.67.13.107,4,unknown,0,SBL246057,-,AS24195,-
2015-01-28,ZeuS,congtynguyenbinh.com.vn,125.253.122.98,2,online,0,SBL246031,-,AS45538,838:59:59
2015-01-26,Citadel,directivemotions.ru,,4,offline,0,Not listed,-, ,04:31:32
2015-01-24,Citadel,www.02level.tk,,4,offline,0,Not listed,-, ,838:59:59
2015-01-24,Citadel,www.coco-bomgo.ru,,4,offline,0,Not listed,-, ,838:59:59
2015-01-23,ZeuS,junniper.mcdir.ru,,3,offline,0,Not listed,-, ,838:59:59
2015-01-23,ZeuS,cupomkinghost.com.br,FastFlux Botnet,5,online,0,Not listed,-, ,838:59:59
2015-01-19,KINS,signalforce.ru,,4,offline,0,Not listed,-, ,50:51:41
2015-01-19,Citadel,wasabi.mine.nu,,4,offline,0,Not listed,-, ,838:59:59
2015-01-19,KINS,lertoworldline.ru,,4,offline,0,Not listed,-, ,608:14:56
2015-01-17,KINS,deolegistronf.com,,4,offline,0,Not listed,-, ,838:59:59
2015-01-16,KINS,sureioratte.ru,,4,offline,0,Not listed,-, ,677:07:41
2015-01-16,KINS,rawsysteme.ru,,4,offline,0,Not listed,-, ,24:30:13
2015-01-16,ZeuS,aquantspool.com,64.74.223.48,4,online,0,Not listed,-,AS12182,838:59:59
2015-01-16,KINS,rvezneommir.ru,,4,offline,0,Not listed,-, ,24:20:27
2015-01-15,Citadel,www.wecontrol-com.tk,,4,offline,0,Not listed,-, ,838:59:59
2015-01-15,KINS,dentesmitec.ru,,4,offline,0,Not listed,-, ,24:02:55
2015-01-15,ZeuS,iltempo.com.au,111.67.16.254,2,online,0,SBL244845,-,AS45454,838:59:59
2015-01-15,KINS,sus.nieuwmoer.info,185.25.119.84,4,online,0,Not listed,-,AS200000,838:59:59
2015-01-15,ZeuS,tesab.org.uk,209.200.232.14,4,online,0,SBL265949,-,AS15244,838:59:59
2015-01-14,ZeuS,simplusx.website,,4,offline,0,Not listed,-, ,17:44:44
2015-01-13,Citadel,93.171.205.12,93.171.205.12,4,unknown,0,SBL248825,-,AS61214,-
2015-01-13,Citadel,land-create.com,210.172.183.41,2,online,0,SBL245972,-,AS7506,838:59:59
2015-01-09,ZeuS,secure.lynxbowlingservices.com,,4,offline,0,Not listed,-, ,838:59:59
2015-01-09,ZeuS,holydoome.co.uk,,4,offline,0,Not listed,-, ,04:05:31
2015-01-09,KINS,certomenom.ru,,4,offline,0,Not listed,-, ,24:20:01
2015-01-08,ZeuS,platinum-casino.ru,,4,offline,0,Not listed,-, ,104:27:24
2015-01-08,ZeuS,links.heliohost.org,,3,offline,0,Not listed,-, ,838:59:59
2015-01-06,ZeuS,mystartap.com,200.74.241.109,4,online,0,Not listed,-,AS27956,838:59:59
2015-01-05,KINS,evennoterom.ru,,4,offline,0,Not listed,-, ,838:59:59
2015-01-04,ZeuS,cynthialemos1225.ddns.net,,4,offline,0,Not listed,-, ,838:59:59
2015-01-03,ZeuS,justinherald.com,FastFlux Botnet,5,online,0,Not listed,-, ,838:59:59
2014-12-30,ZeuS,ya-aaaa123123.myjino.ru,,3,offline,0,Not listed,-, ,838:59:59
2014-12-29,Citadel,76tguy6hh6tgftrt7tg.su,,4,offline,0,Not listed,-, ,06:27:44
2014-12-27,ZeuS,zhyravlik.ru,FastFlux Botnet,5,online,0,Not listed,-, ,838:59:59
2014-12-26,ZeuS,www.bilbobaggins.comxa.com,31.170.160.209,3,online,0,SBL261767,-,AS47583,838:59:59
2014-12-25,ZeuS,sandokan66.no-ip.info,,4,offline,0,Not listed,-, ,838:59:59
2014-12-24,ZeuS,www.todobingo.info,93.93.117.20,2,online,0,SBL243374,-,AS20718,838:59:59
2014-12-21,ZeuS,www.mauritaniecoeur.org,FastFlux Botnet,5,online,0,Not listed,-, ,838:59:59
2014-12-20,ZeuS,escuelanet.com,201.159.17.91,2,online,0,SBL243100,-,AS262913,838:59:59
2014-12-20,Citadel,46.151.52.61,46.151.52.61,4,unknown,0,SBL243307,-,AS20485,-
2014-12-20,Citadel,46.151.52.191,46.151.52.191,4,unknown,0,SBL243307,-,AS20485,-
2014-12-19,Citadel,46.151.52.48,46.151.52.48,4,unknown,0,SBL243307,-,AS20485,-
2014-12-19,ZeuS,axpoium.echange.su,,4,offline,0,Not listed,-, ,838:59:59
2014-12-13,ZeuS,87.237.198.245,87.237.198.245,4,unknown,0,SBL242569,-,AS39015,-
2014-12-11,Citadel,burgerspendingbusiness.kz,,4,offline,0,Not listed,-, ,01:09:18
2014-12-09,ZeuS,matt001.tk,,4,offline,0,Not listed,-, ,838:59:59
2014-12-06,ZeuS,auto-fx.fr,,4,offline,0,Not listed,-, ,48:18:02
2014-12-03,KINS,rsslessons.su,,4,offline,0,Not listed,-, ,13:05:04
2014-12-02,ZeuS,www.basecinco.com.ar,190.183.59.133,2,online,0,SBL241516,-,AS20207,838:59:59
2014-11-28,ZeuS,sanyai-love.rmu.ac.th,202.29.22.38,2,online,0,SBL241091,-,AS132879,838:59:59
2014-11-27,ZeuS,escoesco.info,104.28.13.63,4,online,0,Not listed,-,AS13335,838:59:59
2014-11-24,ZeuS,03bbec4.netsolhost.com,,3,offline,0,Not listed,-, ,56:19:11
2014-11-24,Citadel,80.65.93.241,80.65.93.241,4,unknown,0,SBL240664,-,AS9146,-
2014-11-24,KINS,10391039.ru,,4,offline,0,Not listed,-, ,04:50:41
2014-11-24,KINS,a1b2c3d4.ru,,4,offline,0,Not listed,-, ,04:56:00
2014-11-21,Citadel,ingenicopads.kz,,4,offline,0,Not listed,-, ,90:05:30
2014-11-21,ZeuS,mccc-investconsultant.com,46.151.54.46,4,online,0,SBL243307,-,AS20485,838:59:59
2014-11-21,ZeuS,ganhedwakar.tk,,4,offline,0,Not listed,-, ,04:50:56
2014-11-21,ZeuS,175.107.192.78,175.107.192.78,4,unknown,0,SBL240463,-,AS9541,-
2014-11-21,ZeuS,160.97.52.229,160.97.52.229,4,unknown,0,SBL240462,-,AS137,-
2014-11-20,ZeuS,hillalala.com,,4,offline,0,Not listed,-, ,838:59:59
2014-11-19,ZeuS,www.rimmugygur.is,194.144.188.70,2,online,0,SBL240338,-,AS12969,838:59:59
2014-11-18,ZeuS,danislenefc.info,186.250.243.100,4,online,0,Not listed,-,AS53221,838:59:59
2014-11-18,Citadel,yahoo-action.com,,4,offline,0,Not listed,-, ,178:31:53
2014-11-16,ZeuS,olhvuelimaldives.com,104.27.185.10,4,online,0,Not listed,-,AS13335,838:59:59
2014-11-16,ZeuS,naijabids.co.uk,,4,offline,0,Not listed,-, ,19:50:52
2014-11-16,ZeuS,neease.com,93.171.205.105,4,online,0,SBL248825,-,AS61214,838:59:59
2014-11-16,KINS,stat1322-toolbarueries-google.ru,,4,offline,0,Not listed,-, ,34:58:55
2014-11-15,ZeuS,stats.lead.mysitehosted.com,198.58.94.118,3,online,0,Not listed,-,AS36351,838:59:59
2014-11-15,ZeuS,championbft.com,104.207.130.93,4,online,0,Not listed,-,AS20473,838:59:59
2014-11-15,ZeuS,193.107.17.145,193.107.17.145,4,unknown,0,SBL180482,-,AS58001,-
2014-11-14,ZeuS,macrshops.eu,,4,offline,0,Not listed,-, ,78:18:41
2014-11-14,ZeuS,193.107.19.244,193.107.19.244,4,unknown,0,SBL180482,-,AS58001,-
2014-11-14,KINS,sslsam.com,78.46.222.241,4,online,0,Not listed,-,AS24940,838:59:59
2014-11-14,ZeuS,solubaba.tk,,4,offline,0,Not listed,-, ,838:59:59
2014-11-12,KINS,vkcfioksjrdt.com,,4,offline,0,Not listed,-, ,132:35:30
2014-11-12,ZeuS,s777shop.ru,,4,offline,0,Not listed,-, ,00:58:44
2014-11-12,ZeuS,mycraft.com.br,,4,offline,0,Not listed,-, ,838:59:59
2014-11-10,Citadel,201.149.83.183,201.149.83.183,4,unknown,0,SBL239380,-,AS14178,-
2014-11-08,ZeuS,64.90.187.131,64.90.187.131,4,unknown,0,SBL239296,-,AS11403,-
2014-11-07,Citadel,81.244.253.245,81.244.253.245,4,unknown,0,SBL239183,-,AS5432,-
2014-11-07,ZeuS,jurneirah.com,,4,offline,0,Not listed,-, ,838:59:59
2014-11-06,ZeuS,kfglkldk.ru,,4,offline,0,Not listed,-, ,23:24:40
2014-11-04,ZeuS,lifestyles.pp.ru,,4,offline,0,Not listed,-, ,838:59:59
2014-11-04,ZeuS,190.123.35.141,190.123.35.141,4,unknown,0,SBL238859,-,AS52284,-
2014-11-04,ZeuS,hyperbolic.tk,,4,offline,0,Not listed,-, ,838:59:59
2014-11-01,ZeuS,uka2ftp.mccc-investconsultant.com,,4,offline,0,Not listed,-, ,49:04:52
2014-11-01,ZeuS,apple-trusted.com,,4,offline,0,Not listed,-, ,03:42:50
2014-11-01,ZeuS,62.14.215.109,62.14.215.109,4,unknown,0,SBL238610,-,AS12715,-
2014-10-31,Citadel,193.85.144.5,193.85.144.5,4,unknown,0,SBL238508,-,AS5588,-
2014-10-31,ZeuS,muazymaur.tk,195.20.40.123,4,online,0,Not listed,-,AS31624,838:59:59
2014-10-30,ZeuS,hotelavalon.org,,4,offline,0,Not listed,-, ,838:59:59
2014-10-30,ZeuS,193.252.53.183,193.252.53.183,4,unknown,0,SBL238350,-,AS3215,-
2014-10-28,ZeuS,interlogistics.com.vn,FastFlux Botnet,5,online,0,Not listed,-, ,838:59:59
2014-10-26,ZeuS,190.123.35.140,190.123.35.140,4,unknown,0,SBL237973,-,AS52284,-
2014-10-17,Citadel,54g35546-5g6hbggffhb.tk,,4,offline,0,Not listed,-, ,838:59:59
2014-10-16,ZeuS,cryptmyexe.pw,,4,offline,0,Not listed,-, ,02:25:12
2014-10-09,ZeuS,capacitacion.inami.gob.mx,187.141.12.161,2,online,0,SBL236684,-,AS8151,838:59:59
2014-10-04,Citadel,legitvendors.ru,,4,offline,0,Not listed,-, ,838:59:59
2014-10-04,ZeuS,193.107.17.55,193.107.17.55,4,unknown,0,SBL180482,-,AS58001,-
2014-10-04,ZeuS,103.26.128.84,103.26.128.84,4,unknown,0,SBL242416,-,AS132663,-
2014-10-01,ZeuS,dominoziele.pw,,4,offline,0,Not listed,-, ,02:18:45
2014-09-30,Citadel,coco-bomgo.ru,,4,offline,0,Not listed,-, ,838:59:59
2014-09-25,ZeuS,huinveu.axfree.com,,3,offline,0,Not listed,-, ,06:11:11
2014-09-23,ZeuS,keertan.org,67.55.46.65,2,online,0,SBL235231,-,AS33139,838:59:59
2014-09-22,ZeuS,www.impm.upel.edu.ve,FastFlux Botnet,5,online,0,Not listed,-, ,838:59:59
2014-09-20,ZeuS,botbuddy.dumpset1.x10host.com,,3,offline,0,Not listed,-, ,838:59:59
2014-09-19,ZeuS,genteatsss.com,,4,offline,0,Not listed,-, ,03:58:04
2014-09-19,Citadel,187.174.252.247,187.174.252.247,4,unknown,0,SBL234830,-,AS8151,-
2014-09-19,Citadel,tyrurtturtturttutytutyt.malpices.biz,,4,offline,0,Not listed,-, ,838:59:59
2014-09-19,Citadel,vantien.vosongkiem.com,189.203.240.47,2,online,0,SBL234823,-,AS64097,838:59:59
2014-09-10,Citadel,bots.configbinbots.info,,4,offline,0,Not listed,-, ,838:59:59
2014-09-10,ZeuS,rfvn.vn,112.78.2.84,2,online,0,SBL223983,-,AS45538,838:59:59
2014-09-10,ZeuS,www.webos.in,,4,offline,0,Not listed,-, ,838:59:59
2014-09-10,ZeuS,creatives.globaltronics.net,98.131.112.1,2,online,0,SBL233938,-,AS32392,838:59:59
2014-09-10,ZeuS,77.228.191.183,77.228.191.183,2,unknown,0,SBL233932,-,AS12357,-
2014-09-10,ZeuS,185.24.234.108,185.24.234.108,4,unknown,0,SBL233929,-,AS30900,-
2014-09-10,ZeuS,116.193.77.118,116.193.77.118,4,unknown,1,SBL236067,-,AS24085,-
2014-09-04,Citadel,103.230.84.239,103.230.84.239,4,unknown,0,SBL233517,-,AS132717,-
2014-09-04,Citadel,wse66www.mallabwork.com,,4,offline,0,Not listed,-, ,149:55:29
2014-09-03,Citadel,movieofgoodies.kz,,4,offline,0,Not listed,-, ,00:00:00
2014-09-03,Citadel,moviepaidinfullsexy.kz,,4,offline,0,Not listed,-, ,02:44:18
2014-09-03,ZeuS,www.ipm.upel.edu.ve,FastFlux Botnet,5,online,0,Not listed,-, ,838:59:59
2014-09-02,Citadel,120.63.157.195,120.63.157.195,4,unknown,0,SBL233280,-,AS17813,-
2014-09-02,Citadel,preapprovedloansoffline.kz,,4,offline,0,Not listed,-, ,30:28:53
2014-09-02,Citadel,canadianonlineagreementservices.kz,,4,offline,0,Not listed,-, ,29:02:42
2014-09-02,ZeuS,juanadearco.com.uy,,4,offline,0,Not listed,-, ,838:59:59
2014-09-02,ZeuS,italianacademyfoundation.org,168.144.247.215,2,online,1,SBL233266,-,AS14166,838:59:59
2014-09-01,ZeuS,fapet.ipb.ac.id,202.124.205.43,2,online,0,SBL233160,-,AS17553,838:59:59
2014-08-24,ZeuS,secufast.bplaced.net,5.9.107.19,3,online,0,Not listed,-,AS24940,838:59:59
2014-08-22,ZeuS,eavgwy5suy.tk,,4,offline,0,Not listed,-, ,838:59:59
2014-08-21,ZeuS,sdhfjksdhfjksdh.biz.ua,,4,offline,0,Not listed,-, ,838:59:59
2014-08-20,Citadel,liveresellerweb.eu,192.210.206.209,4,online,0,Not listed,-,AS36352,838:59:59
2014-08-14,ZeuS,pointhouse.eu,,4,offline,0,Not listed,-, ,26:10:57
2014-08-13,ZeuS,194.15.112.30,194.15.112.30,4,unknown,0,SBL208806,-,AS48031,-
2014-08-13,Citadel,193.107.17.56,193.107.17.56,4,unknown,0,SBL180482,-,AS58001,-
2014-08-12,ZeuS,kw34h-lithi-owo.tk,,4,offline,0,Not listed,-, ,838:59:59
2014-08-09,ZeuS,mm266.bplaced.com,5.9.107.19,3,online,0,Not listed,-,AS24940,838:59:59
2014-08-08,ZeuS,www.vhvn.vn,112.78.3.204,2,online,0,SBL249751,-,AS45538,838:59:59
2014-08-08,ZeuS,www.jx368.com,42.51.138.254,2,online,0,SBL230873,-,AS56005,838:59:59
2014-08-07,ZeuS,www.jung201.tk,,4,offline,0,Not listed,-, ,838:59:59
2014-08-07,Citadel,u8781a21.pw,109.120.161.69,4,online,0,Not listed,-,AS30968,838:59:59
2014-08-06,ZeuS,joyclasses.eu,,4,offline,0,Not listed,-, ,30:14:18
2014-08-06,Ice IX,dlauten.bplaced.net,5.9.107.19,3,online,0,Not listed,-,AS24940,838:59:59
2014-08-05,ZeuS,03a6f57.netsolhost.com,,3,offline,0,Not listed,-, ,200:38:36
2014-08-03,ZeuS,194.15.112.29,194.15.112.29,4,unknown,0,SBL208806,-,AS48031,-
2014-08-03,ZeuS,03a6b7a.netsolhost.com,,3,offline,0,Not listed,-, ,145:19:55
2014-07-28,ZeuS,www.slav.uni-sofia.bg,62.44.116.41,2,online,0,SBL229639,-,AS5421,838:59:59
2014-07-26,Citadel,preapprovedloansonline.kz,,4,offline,0,Not listed,-, ,751:07:20
2014-07-23,KINS,vankapetkavanis4.pw,,4,offline,0,Not listed,-, ,19:04:08
2014-07-22,KINS,up.frigo2000.it,109.120.183.106,4,online,0,Not listed,-,AS60781,838:59:59
2014-07-22,KINS,googlepetkavanis4.pw,,4,offline,0,Not listed,-, ,08:59:35
2014-07-22,Citadel,spamwatchs.info,,4,offline,0,Not listed,-, ,838:59:59
2014-07-20,ZeuS,hhdudgehngod.hj.cx,162.245.220.161,3,online,0,Not listed,-,AS25926,838:59:59
2014-07-20,Citadel,87.236.210.124,87.236.210.124,4,unknown,0,SBL228910,-,AS57230,-
2014-07-18,ZeuS,myfcb.tk,,4,offline,0,Not listed,-, ,838:59:59
2014-07-18,ZeuS,chambercb.tk,,4,offline,0,Not listed,-, ,838:59:59
2014-07-17,ZeuS,bestdove.in.ua,,4,offline,0,Not listed,-, ,838:59:59
2014-07-17,ZeuS,joepussy.tk,,4,offline,0,Not listed,-, ,838:59:59
2014-07-16,KINS,valntooglesakrundigk.pw,,1,offline,0,Not listed,-, ,05:19:28
2014-07-15,Citadel,branchtist.com,,4,offline,0,Not listed,-, ,838:59:59
2014-07-14,ZeuS,bevrifuli.geohats.com,,3,offline,0,Not listed,-, ,794:07:28
2014-07-12,ZeuS,87.236.210.110,87.236.210.110,4,unknown,0,SBL228133,-,AS57230,-
2014-07-09,ZeuS,marshedbfudkkmd.hj.cx,162.245.220.161,3,online,0,Not listed,-,AS25926,838:59:59
2014-07-04,ZeuS,machine.cu.ma,,4,offline,0,Not listed,-, ,838:59:59
2014-07-04,ZeuS,jazmany.cu.ma,,4,offline,0,Not listed,-, ,838:59:59
2014-07-04,ZeuS,bl1nqz8yrf7tgdsq.tk,,4,offline,0,Not listed,-, ,838:59:59
2014-07-03,ZeuS,joejdbjrmrkklfnmf.usr.me,94.228.218.40,3,online,0,Not listed,-,AS47869,838:59:59
2014-07-01,ZeuS,www.jobdeliver.tk,,4,offline,0,Not listed,-, ,838:59:59
2014-06-28,Citadel,58.195.1.4,58.195.1.4,4,unknown,0,SBL226820,-,AS4538,-
2014-06-28,ZeuS,78.138.104.167,78.138.104.167,4,unknown,0,SBL226802,-,AS25074,-
2014-06-27,ZeuS,spartanr.5gbfree.com,,3,offline,0,Not listed,-, ,12:37:32
2014-06-26,ZeuS,www.kosmetycznysklep.pl,77.55.125.205,2,online,0,SBL226551,-,AS15967,838:59:59
2014-06-25,Citadel,vashadvokat.in.ua,,4,offline,0,Not listed,-, ,347:30:37
2014-06-19,Citadel,193.106.177.243,193.106.177.243,4,unknown,0,SBL225988,-,AS50429,-
2014-06-18,Ice IX,jowworldwide.oo3.co,31.170.166.125,3,online,0,SBL261782,-,AS47583,838:59:59
2014-06-16,Citadel,ns416017.ip-37-187-144.eu,,4,offline,0,Not listed,-, ,838:59:59
2014-06-16,ZeuS,japanparts.pw,,4,offline,0,Not listed,-, ,05:45:56
2014-06-15,ZeuS,waserazer.pw,,4,offline,0,Not listed,-, ,11:30:53
2014-06-14,Citadel,www.martex-rybnik.pw,,4,offline,0,Not listed,-, ,20:49:02
2014-06-13,ZeuS,crimunalbot001.ga,,4,offline,0,Not listed,-, ,04:29:16
2014-06-12,ZeuS,arcelikpendikservisi.gen.tr,,3,offline,0,Not listed,-, ,622:22:11
2014-06-12,ZeuS,securetalk.cwsurf.de,217.111.106.173,3,online,0,Not listed,-,AS8220,838:59:59
2014-06-10,ZeuS,hollywood.heartjohn.com,69.194.235.103,2,online,0,SBL237520,-,AS36024,838:59:59
2014-06-09,ZeuS,www.mikewine.tk,,4,offline,0,Not listed,-, ,838:59:59
2014-06-09,ZeuS,dl.dropbox.com,204.236.219.205,3,online,0,Not listed,-,AS14618,838:59:59
2014-06-07,ZeuS,leo94dhgfyw-df87fb.tk,,4,offline,0,Not listed,-, ,838:59:59
2014-06-07,ZeuS,rhwndkf45.codns.com,,4,offline,0,Not listed,-, ,459:36:50
2014-06-07,ZeuS,180.182.234.200,180.182.234.200,4,unknown,0,SBL224649,-,AS9845,-
2014-06-04,ZeuS,svitor.hostev.net,,3,offline,0,Not listed,-, ,838:59:59
2014-05-30,ZeuS,foxmanwer.pw,,4,offline,0,Not listed,-, ,02:19:06
2014-05-29,ZeuS,210.37.11.238,210.37.11.238,2,unknown,0,SBL223820,-,AS4538,-
2014-05-29,Citadel,192.64.11.244,192.64.11.244,4,unknown,0,SBL223790,-,AS54718,-
2014-05-29,Citadel,www.loongweed.com,202.142.215.16,2,online,0,SBL223782,-,AS7654,838:59:59
2014-05-26,KINS,sv1.eyeonmusica.it,,4,offline,0,Not listed,-, ,475:15:49
2014-05-26,ZeuS,leon10.5gbfree.com,,3,offline,0,Not listed,-, ,13:21:17
2014-05-24,ZeuS,039b1ee.netsolhost.com,,3,offline,0,Not listed,-, ,373:20:22
2014-05-18,KINS,doratopelase.pw,,4,offline,0,Not listed,-, ,100:14:54
2014-05-17,KINS,samoniklo.pw,,4,offline,0,Not listed,-, ,06:22:55
2014-05-17,ZeuS,z3us1.z-ed.info,,4,offline,0,Not listed,-, ,838:59:59
2014-05-17,ZeuS,dejavu-now.tk,,4,offline,0,Not listed,-, ,838:59:59
2014-05-13,Citadel,ringiplik.com,37.123.99.188,1,online,0,Not listed,-,AS57844,838:59:59
2014-05-13,Citadel,bukumluiplik.com,,1,offline,0,Not listed,-, ,34:54:01
2014-05-13,ZeuS,winscoft.com,193.0.200.185,4,online,0,Not listed,-,AS50113,838:59:59
2014-05-12,ZeuS,junllian.net,,4,offline,0,Not listed,-, ,40:24:42
2014-05-12,Citadel,kesikelyaf.com,37.123.99.188,1,online,0,Not listed,-,AS57844,838:59:59
2014-05-09,Citadel,199.201.121.185,199.201.121.185,4,unknown,0,SBL221832,-,AS54718,-
2014-05-03,ZeuS,tt.onmypc.org,,4,offline,0,Not listed,-, ,99:03:33
2014-05-02,ZeuS,servmill.com,166.62.28.130,4,online,0,Not listed,-,AS26496,838:59:59
2014-05-02,ZeuS,felanco.heliohost.org,,3,offline,0,Not listed,-, ,642:47:15
2014-05-01,KINS,fronty2073.net,77.40.30.111,4,online,0,Not listed,-,AS5591,838:59:59
2014-04-29,Citadel,92.53.124.62,92.53.124.62,4,unknown,0,SBL220993,-,AS9123,-
2014-04-29,Citadel,92.53.119.248,92.53.119.248,4,unknown,0,SBL220992,-,AS9123,-
2014-04-29,ZeuS,systemhelpr.com,,4,offline,0,Not listed,-, ,06:18:37
2014-04-27,KINS,delaponitan.pw,,4,offline,0,Not listed,-, ,32:08:25
2014-04-27,KINS,slivoratikam.pw,,4,offline,0,Not listed,-, ,49:23:58
2014-04-27,ZeuS,www.ohimmades.pw,,4,offline,0,Not listed,-, ,25:59:43
2014-04-26,Citadel,199.187.129.193,199.187.129.193,4,unknown,0,SBL220691,-,AS53834,-
2014-04-26,KINS,s1.eyeonmusica.it,,4,offline,0,Not listed,-, ,799:58:15
2014-04-26,KINS,analiticwebexperience.com,,4,offline,0,Not listed,-, ,49:30:23
2014-04-23,KINS,diguing-store.net,,4,offline,0,Not listed,-, ,838:59:59
2014-04-23,KINS,mixtoolsup.net,,4,offline,0,Not listed,-, ,838:59:59
2014-04-22,Citadel,kraonkelaere.com,85.92.140.67,2,online,0,SBL220233,-,AS25525,838:59:59
2014-04-22,Citadel,ricasad.sx,,4,offline,0,Not listed,-, ,838:59:59
2014-04-20,ZeuS,khoangiengthutiep.com,112.78.2.141,2,online,0,SBL219599,-,AS45538,838:59:59
2014-04-18,ZeuS,anlacviettravel.com.vn,112.78.2.167,2,online,0,SBL219942,-,AS45538,838:59:59
2014-04-16,Citadel,222.29.197.232,222.29.197.232,4,unknown,0,SBL219755,-,AS4538,-
2014-04-16,Citadel,dau43vt5wtrd.tk,195.20.44.109,4,online,0,Not listed,-,AS31624,838:59:59
2014-04-16,Ice IX,barselkab.bps.go.id,203.123.60.144,2,online,0,SBL219723,-,AS4800,838:59:59
2014-04-14,Ice IX,codebacktowork2.tk,,4,offline,0,Not listed,-, ,838:59:59
2014-04-11,ZeuS,www.orquestanacaona.cult.cu,200.0.24.42,2,online,0,SBL219217,-,AS27725,838:59:59
2014-04-11,ZeuS,neorandom.dothome.co.kr,112.175.184.65,3,online,0,Not listed,-,AS4766,838:59:59
2014-04-11,ZeuS,blog.raw-recruits.com,,3,offline,0,Not listed,-, ,31:48:22
2014-04-10,ZeuS,www.nikey.cn,120.31.134.133,1,online,0,Not listed,-,AS58543,838:59:59
2014-04-02,ZeuS,ssl.sinergycosmetics.com,31.7.63.146,4,online,0,Not listed,-,AS51852,838:59:59
2014-04-02,ZeuS,circleread-view.com.mocha2003.mochahost.com,198.38.82.49,3,online,0,Not listed,-,AS23352,838:59:59
2014-03-27,Citadel,190.128.29.1,190.128.29.1,4,unknown,0,SBL217683,-,AS13489,-
2014-03-27,Citadel,198.245.202.92,198.245.202.92,4,unknown,0,SBL217672,-,AS22868,-
2014-03-27,Citadel,katagi-weblogs.lolipop.jp,,3,offline,0,Not listed,-, ,838:59:59
2014-03-20,ZeuS,reimbergit.com.br,FastFlux Botnet,5,online,0,Not listed,-, ,838:59:59
2014-03-20,Citadel,update.timstackleshop.es,,4,offline,0,Not listed,-, ,838:59:59
2014-03-16,ZeuS,186.64.120.104,186.64.120.104,4,unknown,0,SBL216297,-,AS52368,-
2014-03-14,ZeuS,ryuitaqw.pw,,4,offline,0,Not listed,-, ,31:15:31
2014-03-13,Citadel,man-street.tk,,4,offline,0,Not listed,-, ,838:59:59
2014-03-13,Citadel,cicero-dropbox.tk,,4,offline,0,Not listed,-, ,838:59:59
2014-03-12,ZeuS,109.229.210.250,109.229.210.250,4,unknown,0,SBL215826,-,AS43075,-
2014-03-08,Citadel,update.rifugiopontese.it,37.143.11.189,4,online,0,Not listed,-,AS48172,838:59:59
2014-03-06,Citadel,jayboyd.t15.org,,3,offline,0,Not listed,-, ,838:59:59
2014-03-01,Citadel,littwronthath.net,,4,offline,0,Not listed,-, ,838:59:59
2014-02-22,Ice IX,193.107.19.24,193.107.19.24,4,unknown,0,SBL180482,-,AS58001,-
2014-02-16,ZeuS,blogerjijer.pw,,4,offline,0,Not listed,-, ,00:00:00
2014-02-15,Citadel,burrinsurance.com,199.246.2.105,2,online,0,SBL217944,-,AS13468,838:59:59
2014-02-13,Citadel,serverjainpangwang.pw,,4,offline,0,Not listed,-, ,50:15:41
2014-02-12,ZeuS,indongsang.com,112.78.2.141,2,online,0,SBL219599,-,AS45538,838:59:59
2014-02-12,Citadel,debservers.pw,,4,offline,0,Not listed,-, ,01:47:27
2014-02-06,ZeuS,lion.web2.0campus.net,108.174.157.123,4,online,0,Not listed,-,AS36351,838:59:59
2014-02-04,ZeuS,blackhill.pp.ua,,4,offline,0,Not listed,-, ,838:59:59
2014-01-23,Citadel,f8b2b9.su,,4,offline,0,Not listed,-, ,838:59:59
2014-01-20,Citadel,pfengineering.com,110.164.126.64,2,online,0,SBL210970,-,AS45629,838:59:59
2014-01-16,ZeuS,213.147.67.20,213.147.67.20,4,unknown,0,SBL210538,-,AS13224,-
2014-01-12,ZeuS,baoshlda.com,217.23.49.178,4,online,0,Not listed,-,AS29239,838:59:59
2014-01-02,Citadel,phimsex4u.biz,,4,offline,0,Not listed,-, ,838:59:59
2013-12-26,Citadel,noonepa.tk,,4,offline,0,Not listed,-, ,838:59:59
2013-12-26,Citadel,sameetc.tk,,4,offline,0,Not listed,-, ,838:59:59
2013-12-23,ZeuS,212.44.64.202,212.44.64.202,4,unknown,0,SBL208591,-,AS20632,-
2013-12-22,Citadel,update.saintfrancoisath.be,,4,offline,0,Not listed,-, ,47:20:40
2013-12-17,Citadel,www.sdspropro.co.ua,,4,offline,0,Not listed,-, ,584:44:11
2013-12-16,Citadel,sdspropro.co.ua,,4,offline,0,Not listed,-, ,578:59:07
2013-12-10,Citadel,gorainbowzone.tk,195.20.46.116,4,online,0,Not listed,-,AS31624,838:59:59
2013-12-04,Citadel,update.odeen.eu,185.25.117.49,1,online,0,Not listed,-,AS200000,838:59:59
2013-12-04,Citadel,evobank.co,,4,offline,0,Not listed,-, ,838:59:59
2013-11-28,Citadel,gukin.as,46.180.7.231,2,online,0,SBL205858,-,AS39927,838:59:59
2013-11-21,ZeuS,sub.beirinckx.be,,4,offline,0,Not listed,-, ,25:30:37
2013-11-20,Citadel,panel.vargakragard.se,83.69.233.121,4,online,0,Not listed,-,AS28762,838:59:59
2013-10-29,Citadel,resr.configure.8c1.net,,4,offline,0,Not listed,-, ,838:59:59
2013-10-24,Citadel,fujidenki-web.co.jp,210.253.108.243,2,online,0,SBL201984,-,AS7506,838:59:59
2013-10-21,Citadel,iae.hosei.ac.jp,210.163.11.65,2,online,0,SBL201657,-,AS4713,838:59:59
2013-10-18,Citadel,prk.firstconf.3gb.biz,,4,offline,0,Not listed,-, ,421:52:57
2013-10-17,ZeuS,www.ansatz.net,217.119.54.222,2,online,0,SBL201254,-,AS8972,838:59:59
2013-10-17,ZeuS,presleywebs.uk.pn,,3,online,0,Not listed,-, ,838:59:59
2013-10-11,ZeuS,202.29.230.198,202.29.230.198,4,unknown,0,SBL200468,-,AS4621,-
2013-10-09,Ice IX,103.4.52.150,103.4.52.150,4,unknown,0,SBL200191,-,AS46062,-
2013-10-06,Citadel,frevolore.com,,4,offline,0,Not listed,-, ,314:47:44
2013-10-06,Citadel,fretiolo.com,,4,offline,0,Not listed,-, ,314:49:50
2013-10-04,ZeuS,www.perilshed.info,,4,offline,0,Not listed,-, ,838:59:59
2013-10-04,ZeuS,lifeisgoodwhenu2.info,,4,offline,0,Not listed,-, ,101:18:11
2013-10-04,Citadel,updating-flash.cloudapp.net,,4,offline,0,Not listed,-, ,11:28:43
2013-10-03,Citadel,tradecharm.lt,,4,offline,0,Not listed,-, ,838:59:59
2013-09-30,Ice IX,ice.andromed.in.ua,,4,offline,0,Not listed,-, ,838:59:59
2013-09-29,Citadel,103.241.0.100,103.241.0.100,4,unknown,0,SBL199127,-,AS38716,-
2013-09-29,ZeuS,warriorinjapan.hostjava.net,,3,offline,0,Not listed,-, ,838:59:59
2013-09-27,Ice IX,www.remaxhost.com,,1,offline,0,Not listed,-, ,838:59:59
2013-09-23,ZeuS,87.246.143.242,87.246.143.242,4,unknown,0,SBL198524,-,AS43513,-
2013-09-23,ZeuS,weporsche.com,,4,offline,0,Not listed,-, ,24:24:48
2013-09-12,Ice IX,henex.net.ua,,3,offline,0,Not listed,-, ,838:59:59
2013-09-11,ZeuS,ugwebz.uk.pn,,3,online,0,Not listed,-, ,838:59:59
2013-09-10,Ice IX,123.30.129.179,123.30.129.179,4,unknown,0,SBL196577,-,AS7643,-
2013-09-07,Citadel,fileserver03.com,109.235.59.44,4,online,0,Not listed,-,AS25504,838:59:59
2013-09-06,ZeuS,zeus.guvencelikimalat.com,,4,offline,0,Not listed,-, ,838:59:59
2013-09-03,ZeuS,p-alpha.ooo.al,,4,offline,0,Not listed,-, ,838:59:59
2013-09-02,Citadel,server.bovine-mena.com,46.4.150.111,4,online,0,Not listed,-,AS24940,838:59:59
2013-09-02,Citadel,wor6.b6dfnahea.ns2.name,,4,offline,0,Not listed,-, ,05:39:10
2013-08-25,ZeuS,59.157.4.2,59.157.4.2,4,unknown,0,SBL194747,-,AS10013,-
2013-08-25,Citadel,res81.weissdecisions.com,,4,offline,0,Not listed,-, ,631:05:38
2013-08-20,Citadel,mxstat230.com,,4,offline,0,Not listed,-, ,838:59:59
2013-08-12,Citadel,hope-found-now.net,31.28.27.17,4,online,0,SBL263854,-,AS29076,838:59:59
2013-08-05,ZeuS,yamleg.fu8.com,,4,offline,0,Not listed,-, ,195:25:22
2013-07-25,ZeuS,103.7.59.135,103.7.59.135,4,unknown,0,SBL191987,-,AS131447,-
2013-07-20,Citadel,reserve.jumpingcrab.com,,4,offline,0,Not listed,-, ,825:51:57
2013-07-19,Citadel,www.witkey.com,123.56.110.204,4,online,0,Not listed,-,AS37963,838:59:59
2013-07-18,Citadel,lonsmemorials.com,199.246.2.105,2,online,0,SBL217944,-,AS13468,838:59:59
2013-07-13,Citadel,google.poultrymiddleeast.com,,4,offline,0,Not listed,-, ,838:59:59
2013-07-08,Ice IX,ice.ip64.net,198.27.89.153,4,online,0,Not listed,-,AS16276,838:59:59
2013-07-05,ZeuS,www.kuman.cz,62.209.195.186,2,online,0,SBL189886,-,AS5588,838:59:59
2013-06-24,ZeuS,igor32.herbalbrasil.com.br,,4,offline,0,Not listed,-, ,838:59:59
2013-06-16,Citadel,gate.timstackleshop.es,,4,offline,0,Not listed,-, ,792:28:11
2013-06-15,Ice IX,projects.globaltronics.net,98.131.185.136,4,online,0,Not listed,-,AS32392,838:59:59
2013-06-13,Citadel,jgworldupd.com,,4,offline,0,Not listed,-, ,663:15:18
2013-06-10,ZeuS,porschecosv.com,,4,offline,0,Not listed,-, ,311:05:50
2013-06-08,Citadel,64.85.233.8,64.85.233.8,4,unknown,0,SBL188358,-,AS22759,-
2013-05-28,Citadel,bbwscimanuk.pdsda.net,222.124.202.178,2,online,0,SBL184445,-,AS17974,838:59:59
2013-05-26,Citadel,dattinggate.com,,4,offline,0,Not listed,-, ,838:59:59
2013-05-22,ZeuS,199.7.234.100,199.7.234.100,4,unknown,0,SBL185564,-,AS13826,-
2013-05-19,ZeuS,193.120.55.242,193.120.55.242,4,unknown,0,SBL185161,-,AS199256,-
2013-05-16,ZeuS,109.229.36.65,109.229.36.65,4,unknown,0,SBL184935,-,AS50174,-
2013-05-10,ZeuS,190.15.192.25,190.15.192.25,4,unknown,0,SBL184233,-,AS27879,-
2013-04-30,ZeuS,fongyeh.com.tw,61.67.129.145,2,online,0,SBL183308,-,AS18042,838:59:59
2013-04-25,,www.group-billarclub.com,,4,offline,-,Not listed,-, ,838:59:59
2013-04-09,ZeuS,illinoisnets.net,,4,offline,0,Not listed,-, ,838:59:59
2013-03-28,ZeuS,128.210.157.251,128.210.157.251,4,unknown,0,SBL179979,-,AS17,-
2013-03-21,ZeuS,visit2013.in.ua,,4,offline,0,Not listed,-, ,838:59:59
2013-01-23,ZeuS,jangasm.org,,4,offline,0,Not listed,-, ,838:59:59
2013-01-07,ZeuS,serversss.biz,,4,offline,0,Not listed,-, ,838:59:59
2012-12-10,Ice IX,counter-1.adscounter.com.ua,,4,offline,0,Not listed,-, ,838:59:59
2012-12-03,ZeuS,83.15.254.242,83.15.254.242,4,unknown,0,SBL168124,-,AS5617,-
2012-11-01,ZeuS,diosdelared.com.mx,199.231.186.170,4,online,0,Not listed,-,AS19318,838:59:59
2012-10-12,Citadel,hruner.com,45.34.161.13,1,online,0,Not listed,-,AS40676,838:59:59
2012-10-12,Ice IX,dasch.pl,,4,offline,0,Not listed,-, ,838:59:59
2012-10-09,ZeuS,allfortune777.biz,,4,offline,0,Not listed,-, ,838:59:59
2012-09-18,ZeuS,46.166.131.154,46.166.131.154,4,unknown,0,SBL134110,-,AS43350,-
2012-08-25,ZeuS,64.127.71.73,64.127.71.73,4,unknown,0,SBL152691,-,AS22343,-
2012-06-11,ZeuS,87.254.167.37,87.254.167.37,4,unknown,0,SBL143459,-,AS34754,-
2012-06-04,Citadel,94.103.36.55,94.103.36.55,4,unknown,0,SBL141535,-,AS47894,-
2012-04-23,ZeuS,60.13.186.5,60.13.186.5,4,unknown,0,SBL136391,-,AS4837,-
2012-03-22,ZeuS,46.166.145.113,46.166.145.113,4,unknown,0,SBL166688,-,AS43350,-
2012-02-16,ZeuS,203.170.193.23,203.170.193.23,4,unknown,0,SBL129228,-,AS4750,-
2012-02-09,ZeuS,188.247.135.99,188.247.135.99,4,unknown,0,SBL117319,-, ,-
2012-02-02,ZeuS,188.247.135.53,188.247.135.53,4,unknown,0,SBL117319,-, ,-
2012-02-02,ZeuS,188.247.135.74,188.247.135.74,4,unknown,0,SBL117319,-, ,-
2012-01-29,ZeuS,89.46.251.146,89.46.251.146,4,unknown,0,SBL131118,-,AS34201,-
2012-01-28,ZeuS,89.46.251.158,89.46.251.158,4,unknown,0,SBL131118,-,AS34201,-
2012-01-17,ZeuS,216.176.100.240,216.176.100.240,4,unknown,0,SBL126432,-,AS14574,-
2012-01-16,ZeuS,151.97.190.239,151.97.190.239,4,unknown,0,SBL126259,-,AS137,-
2012-01-16,ZeuS,188.247.135.58,188.247.135.58,4,unknown,0,SBL117319,-, ,-
2012-01-12,ZeuS,89.46.251.169,89.46.251.169,4,unknown,0,SBL131118,-,AS34201,-
2011-10-30,ZeuS,188.219.154.228,188.219.154.228,4,unknown,0,SBL120164,-,AS30722,-
2011-10-16,ZeuS,216.215.112.149,216.215.112.149,4,unknown,0,SBL119189,-,AS11215,-
2011-07-26,ZeuS,210.211.108.215,210.211.108.215,4,unknown,0,SBL114874,-,AS38731,-
2011-05-12,ZeuS,109.127.8.242,109.127.8.242,4,unknown,0,SBL116305,-,AS50274,-